case_id,entity_id,entity_name,case_title,severity,lead_analyst,created_at,resolution_time_hours,status,root_cause_analysis,linked_alert_id
CAS-501,ENT-001,National Power Grid Corporation,Incident Investigation: DDoS Volumetric Spike on External Gateway,High,LEAD-ANALYST-5,2026-09-19 12:59:57,6.73,Resolved - Remediated,Detailed forensic packet capture analyzed. Firewall block rule updated and hash banned on all endpoints.,ALT-1004
CAS-502,ENT-001,National Power Grid Corporation,Incident Investigation: Excessive DNS Queries for DGA Domains,Medium,LEAD-ANALYST-4,2026-09-21 22:47:03,0.37,Closed - No Threat,Template triage. No indicator of compromise registered.,ALT-1005
CAS-503,ENT-001,National Power Grid Corporation,Incident Investigation: SWIFT Transaction Queue Tamper Event,Critical,LEAD-ANALYST-6,2026-09-07 06:25:12,0.27,Closed - No Threat,Template triage. No indicator of compromise registered.,ALT-1006
CAS-504,ENT-001,National Power Grid Corporation,Incident Investigation: Unauthorized Registry Modification on SCADA HMI,Critical,LEAD-ANALYST-6,2026-09-23 06:10:33,0.36,Closed - No Threat,Template triage. No indicator of compromise registered.,ALT-1010
CAS-505,ENT-001,National Power Grid Corporation,Incident Investigation: Excessive DNS Queries for DGA Domains,Critical,LEAD-ANALYST-3,2026-09-08 17:28:28,8.81,Resolved - Remediated,Detailed forensic packet capture analyzed. Firewall block rule updated and hash banned on all endpoints.,ALT-1014
CAS-506,ENT-001,National Power Grid Corporation,Incident Investigation: Port Scanning from Substation Segment,High,LEAD-ANALYST-6,2026-09-05 08:18:13,0.2,Closed - No Threat,Template triage. No indicator of compromise registered.,ALT-1015
CAS-507,ENT-001,National Power Grid Corporation,Incident Investigation: Air Traffic Primary Radar Feed Desync,Critical,LEAD-ANALYST-4,2026-09-14 16:34:42,0.28,Closed - No Threat,Template triage. No indicator of compromise registered.,ALT-1016
CAS-508,ENT-001,National Power Grid Corporation,Incident Investigation: Air Traffic Primary Radar Feed Desync,Critical,LEAD-ANALYST-4,2026-09-18 23:37:13,6.19,Resolved - Remediated,Detailed forensic packet capture analyzed. Firewall block rule updated and hash banned on all endpoints.,ALT-1022
CAS-509,ENT-001,National Power Grid Corporation,Incident Investigation: DDoS Volumetric Spike on External Gateway,High,LEAD-ANALYST-4,2026-09-01 14:15:28,9.65,Resolved - Remediated,Detailed forensic packet capture analyzed. Firewall block rule updated and hash banned on all endpoints.,ALT-1024
CAS-510,ENT-001,National Power Grid Corporation,Incident Investigation: Multiple Failed Logins Followed by Successful Admin Access,High,LEAD-ANALYST-3,2026-09-18 13:06:55,0.3,Closed - No Threat,Template triage. No indicator of compromise registered.,ALT-1025
CAS-511,ENT-001,National Power Grid Corporation,Incident Investigation: New Service Creation via PsExec,Medium,LEAD-ANALYST-6,2026-09-23 21:48:07,0.37,Closed - No Threat,Template triage. No indicator of compromise registered.,ALT-1026
CAS-512,ENT-001,National Power Grid Corporation,Incident Investigation: Excessive DNS Queries for DGA Domains,Critical,LEAD-ANALYST-2,2026-09-02 08:59:42,0.37,Closed - No Threat,Template triage. No indicator of compromise registered.,ALT-1027
CAS-513,ENT-001,National Power Grid Corporation,Incident Investigation: SCADA Telemetry Protocol Disruption,Critical,LEAD-ANALYST-4,2026-09-15 01:15:06,0.3,Closed - No Threat,Template triage. No indicator of compromise registered.,ALT-1031
CAS-514,ENT-001,National Power Grid Corporation,Incident Investigation: DDoS Volumetric Spike on External Gateway,High,LEAD-ANALYST-5,2026-09-18 02:18:26,7.93,Resolved - Remediated,Detailed forensic packet capture analyzed. Firewall block rule updated and hash banned on all endpoints.,ALT-1038
CAS-515,ENT-001,National Power Grid Corporation,Incident Investigation: User Account Password Changed During Off-Hours,Low,LEAD-ANALYST-4,2026-09-22 06:51:32,0.17,Closed - No Threat,Template triage. No indicator of compromise registered.,ALT-1046
CAS-516,ENT-001,National Power Grid Corporation,Incident Investigation: User Account Password Changed During Off-Hours,Critical,LEAD-ANALYST-3,2026-09-15 12:51:31,0.26,Closed - No Threat,Template triage. No indicator of compromise registered.,ALT-1050
CAS-517,ENT-001,National Power Grid Corporation,Incident Investigation: Air Traffic Primary Radar Feed Desync,Critical,LEAD-ANALYST-1,2026-09-23 01:13:41,0.21,Closed - No Threat,Template triage. No indicator of compromise registered.,ALT-1051
CAS-518,ENT-001,National Power Grid Corporation,Incident Investigation: Multiple Failed Logins Followed by Successful Admin Access,Critical,LEAD-ANALYST-2,2026-09-04 04:50:24,6.6,Resolved - Remediated,Detailed forensic packet capture analyzed. Firewall block rule updated and hash banned on all endpoints.,ALT-1052
CAS-519,ENT-001,National Power Grid Corporation,Incident Investigation: New Service Creation via PsExec,Medium,LEAD-ANALYST-5,2026-09-11 14:12:14,0.24,Closed - No Threat,Template triage. No indicator of compromise registered.,ALT-1055
CAS-520,ENT-001,National Power Grid Corporation,Incident Investigation: Air Traffic Primary Radar Feed Desync,Critical,LEAD-ANALYST-6,2026-08-31 08:38:50,13.67,Resolved - Remediated,Detailed forensic packet capture analyzed. Firewall block rule updated and hash banned on all endpoints.,ALT-1057
CAS-521,ENT-001,National Power Grid Corporation,Incident Investigation: SWIFT Transaction Queue Tamper Event,Critical,LEAD-ANALYST-1,2026-09-18 17:31:36,7.47,Resolved - Remediated,Detailed forensic packet capture analyzed. Firewall block rule updated and hash banned on all endpoints.,ALT-1058
CAS-522,ENT-001,National Power Grid Corporation,Incident Investigation: Excessive DNS Queries for DGA Domains,Critical,LEAD-ANALYST-2,2026-09-17 15:21:51,7.66,Resolved - Remediated,Detailed forensic packet capture analyzed. Firewall block rule updated and hash banned on all endpoints.,ALT-1060
CAS-523,ENT-001,National Power Grid Corporation,Incident Investigation: Port Scanning from Substation Segment,High,LEAD-ANALYST-2,2026-09-14 22:50:06,0.13,Closed - No Threat,Template triage. No indicator of compromise registered.,ALT-1062
CAS-524,ENT-001,National Power Grid Corporation,Incident Investigation: Outdated Endpoint Antivirus Signature,Low,LEAD-ANALYST-3,2026-09-26 02:16:14,0.3,Closed - No Threat,Template triage. No indicator of compromise registered.,ALT-1063
CAS-525,ENT-001,National Power Grid Corporation,Incident Investigation: Multiple Failed Logins Followed by Successful Admin Access,High,LEAD-ANALYST-6,2026-09-12 21:56:53,0.11,Closed - No Threat,Template triage. No indicator of compromise registered.,ALT-1072
CAS-526,ENT-001,National Power Grid Corporation,Incident Investigation: PowerShell Script Executed with Encoded Command,High,LEAD-ANALYST-1,2026-09-18 03:52:23,0.27,Closed - No Threat,Template triage. No indicator of compromise registered.,ALT-1073
CAS-527,ENT-001,National Power Grid Corporation,Incident Investigation: SCADA Telemetry Protocol Disruption,Critical,LEAD-ANALYST-6,2026-09-20 03:56:44,12.08,Resolved - Remediated,Detailed forensic packet capture analyzed. Firewall block rule updated and hash banned on all endpoints.,ALT-1074
CAS-528,ENT-001,National Power Grid Corporation,Incident Investigation: SWIFT Transaction Queue Tamper Event,Critical,LEAD-ANALYST-6,2026-09-23 16:14:33,0.27,Closed - No Threat,Template triage. No indicator of compromise registered.,ALT-1078
CAS-529,ENT-001,National Power Grid Corporation,Incident Investigation: DDoS Volumetric Spike on External Gateway,High,LEAD-ANALYST-4,2026-09-03 20:58:41,6.72,Resolved - Remediated,Detailed forensic packet capture analyzed. Firewall block rule updated and hash banned on all endpoints.,ALT-1081
CAS-530,ENT-001,National Power Grid Corporation,Incident Investigation: User Account Password Changed During Off-Hours,Critical,LEAD-ANALYST-5,2026-09-19 10:45:24,6.86,Resolved - Remediated,Detailed forensic packet capture analyzed. Firewall block rule updated and hash banned on all endpoints.,ALT-1084
CAS-531,ENT-001,National Power Grid Corporation,Incident Investigation: SCADA Telemetry Protocol Disruption,Critical,LEAD-ANALYST-1,2026-09-05 10:01:42,12.68,Resolved - Remediated,Detailed forensic packet capture analyzed. Firewall block rule updated and hash banned on all endpoints.,ALT-1090
CAS-532,ENT-001,National Power Grid Corporation,Incident Investigation: Privilege Escalation on Domain Controller,Critical,LEAD-ANALYST-2,2026-09-16 20:07:33,0.15,Closed - No Threat,Template triage. No indicator of compromise registered.,ALT-1092
CAS-533,ENT-001,National Power Grid Corporation,Incident Investigation: SCADA Telemetry Protocol Disruption,Critical,LEAD-ANALYST-5,2026-09-01 04:34:43,0.19,Closed - No Threat,Template triage. No indicator of compromise registered.,ALT-1093
CAS-534,ENT-001,National Power Grid Corporation,Incident Investigation: New Service Creation via PsExec,Medium,LEAD-ANALYST-4,2026-09-04 22:44:00,0.39,Closed - No Threat,Template triage. No indicator of compromise registered.,ALT-1096
CAS-535,ENT-001,National Power Grid Corporation,Incident Investigation: PowerShell Script Executed with Encoded Command,High,LEAD-ANALYST-1,2026-09-08 19:43:20,6.78,Resolved - Remediated,Detailed forensic packet capture analyzed. Firewall block rule updated and hash banned on all endpoints.,ALT-1097
CAS-536,ENT-001,National Power Grid Corporation,Incident Investigation: SCADA Telemetry Protocol Disruption,Critical,LEAD-ANALYST-4,2026-09-21 08:01:30,0.35,Closed - No Threat,Template triage. No indicator of compromise registered.,ALT-1099
CAS-537,ENT-001,National Power Grid Corporation,Incident Investigation: Air Traffic Primary Radar Feed Desync,Critical,LEAD-ANALYST-1,2026-09-05 20:54:46,0.21,Closed - No Threat,Template triage. No indicator of compromise registered.,ALT-1101
CAS-538,ENT-001,National Power Grid Corporation,Incident Investigation: Unauthorized Registry Modification on SCADA HMI,High,LEAD-ANALYST-3,2026-09-28 04:00:30,0.29,Closed - No Threat,Template triage. No indicator of compromise registered.,ALT-1103
CAS-539,ENT-001,National Power Grid Corporation,Incident Investigation: DDoS Volumetric Spike on External Gateway,High,LEAD-ANALYST-5,2026-09-10 14:33:02,10.77,Resolved - Remediated,Detailed forensic packet capture analyzed. Firewall block rule updated and hash banned on all endpoints.,ALT-1104
CAS-540,ENT-001,National Power Grid Corporation,Incident Investigation: Air Traffic Primary Radar Feed Desync,Critical,LEAD-ANALYST-4,2026-09-16 23:09:08,11.9,Resolved - Remediated,Detailed forensic packet capture analyzed. Firewall block rule updated and hash banned on all endpoints.,ALT-1105
CAS-541,ENT-001,National Power Grid Corporation,Incident Investigation: SWIFT Transaction Queue Tamper Event,Critical,LEAD-ANALYST-6,2026-09-11 11:36:59,11.0,Resolved - Remediated,Detailed forensic packet capture analyzed. Firewall block rule updated and hash banned on all endpoints.,ALT-1106
CAS-542,ENT-001,National Power Grid Corporation,Incident Investigation: User Account Password Changed During Off-Hours,Low,LEAD-ANALYST-3,2026-08-31 00:19:18,0.3,Closed - No Threat,Template triage. No indicator of compromise registered.,ALT-1109
CAS-543,ENT-001,National Power Grid Corporation,Incident Investigation: Privilege Escalation on Domain Controller,Critical,LEAD-ANALYST-4,2026-09-16 11:23:26,0.37,Closed - No Threat,Template triage. No indicator of compromise registered.,ALT-1112
CAS-544,ENT-001,National Power Grid Corporation,Incident Investigation: DDoS Volumetric Spike on External Gateway,High,LEAD-ANALYST-1,2026-09-16 13:39:35,9.03,Resolved - Remediated,Detailed forensic packet capture analyzed. Firewall block rule updated and hash banned on all endpoints.,ALT-1113
CAS-545,ENT-001,National Power Grid Corporation,Incident Investigation: Unusual Outbound C2 Traffic to Bulletproof Host,Critical,LEAD-ANALYST-4,2026-09-17 13:46:38,0.4,Closed - No Threat,Template triage. No indicator of compromise registered.,ALT-1115
CAS-546,ENT-001,National Power Grid Corporation,Incident Investigation: User Account Password Changed During Off-Hours,Low,LEAD-ANALYST-3,2026-09-05 19:40:41,0.31,Closed - No Threat,Template triage. No indicator of compromise registered.,ALT-1116
CAS-547,ENT-001,National Power Grid Corporation,Incident Investigation: SWIFT Transaction Queue Tamper Event,Critical,LEAD-ANALYST-2,2026-08-30 15:10:12,7.82,Resolved - Remediated,Detailed forensic packet capture analyzed. Firewall block rule updated and hash banned on all endpoints.,ALT-1117
CAS-548,ENT-002,Apex National Bank,Incident Investigation: DDoS Volumetric Spike on External Gateway,High,LEAD-ANALYST-2,2026-09-11 02:18:14,0.34,Closed - No Threat,Template triage. No indicator of compromise registered.,ALT-1122
CAS-549,ENT-002,Apex National Bank,Incident Investigation: Multiple Failed Logins Followed by Successful Admin Access,High,LEAD-ANALYST-1,2026-09-25 22:22:38,11.01,Resolved - Remediated,Detailed forensic packet capture analyzed. Firewall block rule updated and hash banned on all endpoints.,ALT-1124
CAS-550,ENT-002,Apex National Bank,Incident Investigation: Multiple Failed Logins Followed by Successful Admin Access,High,LEAD-ANALYST-1,2026-09-24 07:34:11,0.2,Closed - No Threat,Template triage. No indicator of compromise registered.,ALT-1127
CAS-551,ENT-002,Apex National Bank,Incident Investigation: Privilege Escalation on Domain Controller,Critical,LEAD-ANALYST-4,2026-09-01 03:44:19,0.38,Closed - No Threat,Template triage. No indicator of compromise registered.,ALT-1128
CAS-552,ENT-002,Apex National Bank,Incident Investigation: Unusual Outbound C2 Traffic to Bulletproof Host,Critical,LEAD-ANALYST-4,2026-09-16 23:38:04,0.24,Closed - No Threat,Template triage. No indicator of compromise registered.,ALT-1132
CAS-553,ENT-002,Apex National Bank,Incident Investigation: SCADA Telemetry Protocol Disruption,Critical,LEAD-ANALYST-1,2026-09-15 02:26:41,0.18,Closed - No Threat,Template triage. No indicator of compromise registered.,ALT-1134
CAS-554,ENT-002,Apex National Bank,Incident Investigation: Multiple Failed Logins Followed by Successful Admin Access,High,LEAD-ANALYST-4,2026-09-20 10:05:58,0.33,Closed - No Threat,Template triage. No indicator of compromise registered.,ALT-1135
CAS-555,ENT-002,Apex National Bank,Incident Investigation: Unusual Outbound C2 Traffic to Bulletproof Host,Critical,LEAD-ANALYST-5,2026-09-02 22:36:16,0.18,Closed - No Threat,Template triage. No indicator of compromise registered.,ALT-1136
CAS-556,ENT-002,Apex National Bank,Incident Investigation: New Service Creation via PsExec,Medium,LEAD-ANALYST-1,2026-09-02 07:38:36,0.12,Closed - No Threat,Template triage. No indicator of compromise registered.,ALT-1143
CAS-557,ENT-002,Apex National Bank,Incident Investigation: PowerShell Script Executed with Encoded Command,High,LEAD-ANALYST-3,2026-09-16 19:42:49,0.22,Closed - No Threat,Template triage. No indicator of compromise registered.,ALT-1145
CAS-558,ENT-002,Apex National Bank,Incident Investigation: Unauthorized Registry Modification on SCADA HMI,Critical,LEAD-ANALYST-4,2026-09-28 12:36:38,0.29,Closed - No Threat,Template triage. No indicator of compromise registered.,ALT-1156
CAS-559,ENT-002,Apex National Bank,Incident Investigation: SCADA Telemetry Protocol Disruption,Critical,LEAD-ANALYST-4,2026-09-23 19:35:33,0.36,Closed - No Threat,Template triage. No indicator of compromise registered.,ALT-1159
CAS-560,ENT-002,Apex National Bank,Incident Investigation: Outdated Endpoint Antivirus Signature,Low,LEAD-ANALYST-6,2026-09-14 21:20:35,0.13,Closed - No Threat,Template triage. No indicator of compromise registered.,ALT-1163
CAS-561,ENT-002,Apex National Bank,Incident Investigation: Unauthorized Registry Modification on SCADA HMI,High,LEAD-ANALYST-2,2026-09-08 05:28:27,0.28,Closed - No Threat,Template triage. No indicator of compromise registered.,ALT-1164
CAS-562,ENT-002,Apex National Bank,Incident Investigation: DDoS Volumetric Spike on External Gateway,High,LEAD-ANALYST-5,2026-09-25 22:22:47,0.36,Closed - No Threat,Template triage. No indicator of compromise registered.,ALT-1165
CAS-563,ENT-002,Apex National Bank,Incident Investigation: Excessive DNS Queries for DGA Domains,Critical,LEAD-ANALYST-5,2026-09-14 15:40:16,0.24,Closed - No Threat,Template triage. No indicator of compromise registered.,ALT-1169
CAS-564,ENT-002,Apex National Bank,Incident Investigation: Excessive DNS Queries for DGA Domains,Medium,LEAD-ANALYST-2,2026-09-28 22:23:16,0.13,Closed - No Threat,Template triage. No indicator of compromise registered.,ALT-1170
CAS-565,ENT-002,Apex National Bank,Incident Investigation: PowerShell Script Executed with Encoded Command,High,LEAD-ANALYST-6,2026-09-25 17:10:39,10.0,Resolved - Remediated,Detailed forensic packet capture analyzed. Firewall block rule updated and hash banned on all endpoints.,ALT-1174
CAS-566,ENT-002,Apex National Bank,Incident Investigation: New Service Creation via PsExec,Medium,LEAD-ANALYST-2,2026-09-22 14:10:18,5.63,Resolved - Remediated,Detailed forensic packet capture analyzed. Firewall block rule updated and hash banned on all endpoints.,ALT-1178
CAS-567,ENT-002,Apex National Bank,Incident Investigation: Multiple Failed Logins Followed by Successful Admin Access,High,LEAD-ANALYST-1,2026-09-13 07:40:42,0.27,Closed - No Threat,Template triage. No indicator of compromise registered.,ALT-1185
CAS-568,ENT-002,Apex National Bank,Incident Investigation: Multiple Failed Logins Followed by Successful Admin Access,High,LEAD-ANALYST-2,2026-09-01 16:50:53,10.07,Resolved - Remediated,Detailed forensic packet capture analyzed. Firewall block rule updated and hash banned on all endpoints.,ALT-1189
CAS-569,ENT-002,Apex National Bank,Incident Investigation: Multiple Failed Logins Followed by Successful Admin Access,High,LEAD-ANALYST-1,2026-09-19 15:12:35,0.31,Closed - No Threat,Template triage. No indicator of compromise registered.,ALT-1191
CAS-570,ENT-002,Apex National Bank,Incident Investigation: Excessive DNS Queries for DGA Domains,Medium,LEAD-ANALYST-3,2026-09-29 09:38:09,10.52,Resolved - Remediated,Detailed forensic packet capture analyzed. Firewall block rule updated and hash banned on all endpoints.,ALT-1192
CAS-571,ENT-002,Apex National Bank,Incident Investigation: PowerShell Script Executed with Encoded Command,High,LEAD-ANALYST-1,2026-09-09 00:00:13,0.2,Closed - No Threat,Template triage. No indicator of compromise registered.,ALT-1194
CAS-572,ENT-002,Apex National Bank,Incident Investigation: Excessive DNS Queries for DGA Domains,Medium,LEAD-ANALYST-4,2026-09-07 15:40:01,0.33,Closed - No Threat,Template triage. No indicator of compromise registered.,ALT-1199
CAS-573,ENT-002,Apex National Bank,Incident Investigation: DDoS Volumetric Spike on External Gateway,High,LEAD-ANALYST-1,2026-09-22 01:53:51,0.22,Closed - No Threat,Template triage. No indicator of compromise registered.,ALT-1204
CAS-574,ENT-002,Apex National Bank,Incident Investigation: SWIFT Transaction Queue Tamper Event,Critical,LEAD-ANALYST-3,2026-09-26 19:31:09,0.27,Closed - No Threat,Template triage. No indicator of compromise registered.,ALT-1205
CAS-575,ENT-002,Apex National Bank,Incident Investigation: Unusual Outbound C2 Traffic to Bulletproof Host,Critical,LEAD-ANALYST-4,2026-09-17 13:41:02,8.5,Resolved - Remediated,Detailed forensic packet capture analyzed. Firewall block rule updated and hash banned on all endpoints.,ALT-1206
CAS-576,ENT-002,Apex National Bank,Incident Investigation: Unusual Outbound C2 Traffic to Bulletproof Host,Critical,LEAD-ANALYST-4,2026-09-10 00:22:30,9.12,Resolved - Remediated,Detailed forensic packet capture analyzed. Firewall block rule updated and hash banned on all endpoints.,ALT-1207
CAS-577,ENT-002,Apex National Bank,Incident Investigation: DDoS Volumetric Spike on External Gateway,Critical,LEAD-ANALYST-2,2026-09-05 02:59:50,0.31,Closed - No Threat,Template triage. No indicator of compromise registered.,ALT-1209
CAS-578,ENT-002,Apex National Bank,Incident Investigation: User Account Password Changed During Off-Hours,Low,LEAD-ANALYST-4,2026-09-06 12:24:50,10.71,Resolved - Remediated,Detailed forensic packet capture analyzed. Firewall block rule updated and hash banned on all endpoints.,ALT-1212
CAS-579,ENT-002,Apex National Bank,Incident Investigation: SCADA Telemetry Protocol Disruption,Critical,LEAD-ANALYST-3,2026-09-26 03:55:16,0.25,Closed - No Threat,Template triage. No indicator of compromise registered.,ALT-1213
CAS-580,ENT-002,Apex National Bank,Incident Investigation: Port Scanning from Substation Segment,High,LEAD-ANALYST-5,2026-09-20 23:08:56,6.03,Resolved - Remediated,Detailed forensic packet capture analyzed. Firewall block rule updated and hash banned on all endpoints.,ALT-1216
CAS-581,ENT-002,Apex National Bank,Incident Investigation: Certificate Expiration Warning on TLS Gateway,Low,LEAD-ANALYST-6,2026-09-24 15:57:23,0.3,Closed - No Threat,Template triage. No indicator of compromise registered.,ALT-1217
CAS-582,ENT-002,Apex National Bank,Incident Investigation: Privilege Escalation on Domain Controller,Critical,LEAD-ANALYST-3,2026-09-25 16:40:13,10.42,Resolved - Remediated,Detailed forensic packet capture analyzed. Firewall block rule updated and hash banned on all endpoints.,ALT-1218
CAS-583,ENT-002,Apex National Bank,Incident Investigation: SCADA Telemetry Protocol Disruption,Critical,LEAD-ANALYST-2,2026-09-09 16:43:41,0.23,Closed - No Threat,Template triage. No indicator of compromise registered.,ALT-1219
CAS-584,ENT-002,Apex National Bank,Incident Investigation: New Service Creation via PsExec,Medium,LEAD-ANALYST-5,2026-09-05 10:16:23,0.29,Closed - No Threat,Template triage. No indicator of compromise registered.,ALT-1221
CAS-585,ENT-002,Apex National Bank,Incident Investigation: PowerShell Script Executed with Encoded Command,High,LEAD-ANALYST-3,2026-09-25 00:26:39,0.12,Closed - No Threat,Template triage. No indicator of compromise registered.,ALT-1222
CAS-586,ENT-002,Apex National Bank,Incident Investigation: Multiple Failed Logins Followed by Successful Admin Access,Critical,LEAD-ANALYST-4,2026-09-06 23:52:09,0.14,Closed - No Threat,Template triage. No indicator of compromise registered.,ALT-1233
CAS-587,ENT-002,Apex National Bank,Incident Investigation: Multiple Failed Logins Followed by Successful Admin Access,High,LEAD-ANALYST-6,2026-09-21 23:54:39,0.35,Closed - No Threat,Template triage. No indicator of compromise registered.,ALT-1237
CAS-588,ENT-002,Apex National Bank,Incident Investigation: Privilege Escalation on Domain Controller,Critical,LEAD-ANALYST-2,2026-09-17 01:53:01,0.28,Closed - No Threat,Template triage. No indicator of compromise registered.,ALT-1239
CAS-589,ENT-003,Bharat Telecom Ltd,Incident Investigation: New Service Creation via PsExec,Critical,LEAD-ANALYST-1,2026-09-08 10:16:10,13.35,Resolved - Remediated,Detailed forensic packet capture analyzed. Firewall block rule updated and hash banned on all endpoints.,ALT-1244
CAS-590,ENT-003,Bharat Telecom Ltd,Incident Investigation: Port Scanning from Substation Segment,High,LEAD-ANALYST-1,2026-09-28 03:35:05,5.17,Resolved - Remediated,Detailed forensic packet capture analyzed. Firewall block rule updated and hash banned on all endpoints.,ALT-1245
CAS-591,ENT-003,Bharat Telecom Ltd,Incident Investigation: Unauthorized Registry Modification on SCADA HMI,High,LEAD-ANALYST-6,2026-09-04 11:09:01,11.95,Resolved - Remediated,Detailed forensic packet capture analyzed. Firewall block rule updated and hash banned on all endpoints.,ALT-1251
CAS-592,ENT-003,Bharat Telecom Ltd,Incident Investigation: Multiple Failed Logins Followed by Successful Admin Access,High,LEAD-ANALYST-3,2026-09-19 22:11:57,9.05,Resolved - Remediated,Detailed forensic packet capture analyzed. Firewall block rule updated and hash banned on all endpoints.,ALT-1255
CAS-593,ENT-003,Bharat Telecom Ltd,Incident Investigation: Air Traffic Primary Radar Feed Desync,Critical,LEAD-ANALYST-1,2026-09-16 04:59:11,6.17,Resolved - Remediated,Detailed forensic packet capture analyzed. Firewall block rule updated and hash banned on all endpoints.,ALT-1257
CAS-594,ENT-003,Bharat Telecom Ltd,Incident Investigation: User Account Password Changed During Off-Hours,Low,LEAD-ANALYST-4,2026-09-07 12:47:58,6.98,Resolved - Remediated,Detailed forensic packet capture analyzed. Firewall block rule updated and hash banned on all endpoints.,ALT-1262
CAS-595,ENT-003,Bharat Telecom Ltd,Incident Investigation: SWIFT Transaction Queue Tamper Event,Critical,LEAD-ANALYST-3,2026-09-22 11:57:03,5.66,Resolved - Remediated,Detailed forensic packet capture analyzed. Firewall block rule updated and hash banned on all endpoints.,ALT-1263
CAS-596,ENT-003,Bharat Telecom Ltd,Incident Investigation: Unusual Outbound C2 Traffic to Bulletproof Host,Critical,LEAD-ANALYST-3,2026-09-24 19:57:15,8.78,Resolved - Remediated,Detailed forensic packet capture analyzed. Firewall block rule updated and hash banned on all endpoints.,ALT-1266
CAS-597,ENT-003,Bharat Telecom Ltd,Incident Investigation: Air Traffic Primary Radar Feed Desync,Critical,LEAD-ANALYST-1,2026-09-15 01:03:31,8.42,Resolved - Remediated,Detailed forensic packet capture analyzed. Firewall block rule updated and hash banned on all endpoints.,ALT-1267
CAS-598,ENT-003,Bharat Telecom Ltd,Incident Investigation: Privilege Escalation on Domain Controller,Critical,LEAD-ANALYST-2,2026-09-22 17:45:44,9.01,Resolved - Remediated,Detailed forensic packet capture analyzed. Firewall block rule updated and hash banned on all endpoints.,ALT-1270
CAS-599,ENT-003,Bharat Telecom Ltd,Incident Investigation: Air Traffic Primary Radar Feed Desync,Critical,LEAD-ANALYST-1,2026-09-20 02:38:47,10.38,Resolved - Remediated,Detailed forensic packet capture analyzed. Firewall block rule updated and hash banned on all endpoints.,ALT-1271
CAS-600,ENT-003,Bharat Telecom Ltd,Incident Investigation: DDoS Volumetric Spike on External Gateway,High,LEAD-ANALYST-2,2026-09-24 06:14:58,5.18,Resolved - Remediated,Detailed forensic packet capture analyzed. Firewall block rule updated and hash banned on all endpoints.,ALT-1277
CAS-601,ENT-003,Bharat Telecom Ltd,Incident Investigation: DDoS Volumetric Spike on External Gateway,High,LEAD-ANALYST-6,2026-09-09 23:16:55,5.08,Resolved - Remediated,Detailed forensic packet capture analyzed. Firewall block rule updated and hash banned on all endpoints.,ALT-1282
CAS-602,ENT-003,Bharat Telecom Ltd,Incident Investigation: DDoS Volumetric Spike on External Gateway,High,LEAD-ANALYST-1,2026-09-04 15:05:57,6.05,Resolved - Remediated,Detailed forensic packet capture analyzed. Firewall block rule updated and hash banned on all endpoints.,ALT-1283
CAS-603,ENT-003,Bharat Telecom Ltd,Incident Investigation: Privilege Escalation on Domain Controller,Critical,LEAD-ANALYST-4,2026-09-05 21:55:46,6.54,Resolved - Remediated,Detailed forensic packet capture analyzed. Firewall block rule updated and hash banned on all endpoints.,ALT-1288
CAS-604,ENT-003,Bharat Telecom Ltd,Incident Investigation: Certificate Expiration Warning on TLS Gateway,Low,LEAD-ANALYST-3,2026-09-08 00:18:57,12.89,Resolved - Remediated,Detailed forensic packet capture analyzed. Firewall block rule updated and hash banned on all endpoints.,ALT-1290
CAS-605,ENT-003,Bharat Telecom Ltd,Incident Investigation: New Service Creation via PsExec,Medium,LEAD-ANALYST-4,2026-09-15 06:48:23,11.16,Resolved - Remediated,Detailed forensic packet capture analyzed. Firewall block rule updated and hash banned on all endpoints.,ALT-1296
CAS-606,ENT-003,Bharat Telecom Ltd,Incident Investigation: PowerShell Script Executed with Encoded Command,High,LEAD-ANALYST-6,2026-09-10 15:13:29,13.54,Resolved - Remediated,Detailed forensic packet capture analyzed. Firewall block rule updated and hash banned on all endpoints.,ALT-1297
CAS-607,ENT-003,Bharat Telecom Ltd,Incident Investigation: Privilege Escalation on Domain Controller,Critical,LEAD-ANALYST-3,2026-09-28 12:38:11,12.26,Resolved - Remediated,Detailed forensic packet capture analyzed. Firewall block rule updated and hash banned on all endpoints.,ALT-1304
CAS-608,ENT-003,Bharat Telecom Ltd,Incident Investigation: New Service Creation via PsExec,Medium,LEAD-ANALYST-4,2026-09-19 22:50:55,11.35,Resolved - Remediated,Detailed forensic packet capture analyzed. Firewall block rule updated and hash banned on all endpoints.,ALT-1306
CAS-609,ENT-003,Bharat Telecom Ltd,Incident Investigation: SCADA Telemetry Protocol Disruption,Critical,LEAD-ANALYST-2,2026-09-15 19:55:03,9.0,Resolved - Remediated,Detailed forensic packet capture analyzed. Firewall block rule updated and hash banned on all endpoints.,ALT-1311
CAS-610,ENT-003,Bharat Telecom Ltd,Incident Investigation: DDoS Volumetric Spike on External Gateway,High,LEAD-ANALYST-5,2026-09-29 00:32:06,11.82,Resolved - Remediated,Detailed forensic packet capture analyzed. Firewall block rule updated and hash banned on all endpoints.,ALT-1312
CAS-611,ENT-003,Bharat Telecom Ltd,Incident Investigation: SCADA Telemetry Protocol Disruption,Critical,LEAD-ANALYST-6,2026-09-16 02:05:36,13.75,Resolved - Remediated,Detailed forensic packet capture analyzed. Firewall block rule updated and hash banned on all endpoints.,ALT-1314
CAS-612,ENT-003,Bharat Telecom Ltd,Incident Investigation: User Account Password Changed During Off-Hours,Low,LEAD-ANALYST-3,2026-09-11 10:45:06,12.03,Resolved - Remediated,Detailed forensic packet capture analyzed. Firewall block rule updated and hash banned on all endpoints.,ALT-1317
CAS-613,ENT-003,Bharat Telecom Ltd,Incident Investigation: Port Scanning from Substation Segment,Critical,LEAD-ANALYST-6,2026-09-05 14:22:51,5.85,Resolved - Remediated,Detailed forensic packet capture analyzed. Firewall block rule updated and hash banned on all endpoints.,ALT-1318
CAS-614,ENT-003,Bharat Telecom Ltd,Incident Investigation: PowerShell Script Executed with Encoded Command,Critical,LEAD-ANALYST-2,2026-09-28 11:12:14,5.92,Resolved - Remediated,Detailed forensic packet capture analyzed. Firewall block rule updated and hash banned on all endpoints.,ALT-1319
CAS-615,ENT-003,Bharat Telecom Ltd,Incident Investigation: SWIFT Transaction Queue Tamper Event,Critical,LEAD-ANALYST-1,2026-09-18 10:40:54,9.37,Resolved - Remediated,Detailed forensic packet capture analyzed. Firewall block rule updated and hash banned on all endpoints.,ALT-1320
CAS-616,ENT-003,Bharat Telecom Ltd,Incident Investigation: Unauthorized Registry Modification on SCADA HMI,High,LEAD-ANALYST-2,2026-08-31 02:36:43,3.22,Resolved - Remediated,Detailed forensic packet capture analyzed. Firewall block rule updated and hash banned on all endpoints.,ALT-1323
CAS-617,ENT-003,Bharat Telecom Ltd,Incident Investigation: SCADA Telemetry Protocol Disruption,Critical,LEAD-ANALYST-1,2026-09-11 06:44:48,10.34,Resolved - Remediated,Detailed forensic packet capture analyzed. Firewall block rule updated and hash banned on all endpoints.,ALT-1324
CAS-618,ENT-003,Bharat Telecom Ltd,Incident Investigation: Multiple Failed Logins Followed by Successful Admin Access,High,LEAD-ANALYST-4,2026-09-09 18:36:42,5.77,Resolved - Remediated,Detailed forensic packet capture analyzed. Firewall block rule updated and hash banned on all endpoints.,ALT-1327
CAS-619,ENT-003,Bharat Telecom Ltd,Incident Investigation: SCADA Telemetry Protocol Disruption,Critical,LEAD-ANALYST-2,2026-09-17 16:45:49,10.85,Resolved - Remediated,Detailed forensic packet capture analyzed. Firewall block rule updated and hash banned on all endpoints.,ALT-1328
CAS-620,ENT-003,Bharat Telecom Ltd,Incident Investigation: Privilege Escalation on Domain Controller,Critical,LEAD-ANALYST-4,2026-09-28 05:53:07,12.53,Resolved - Remediated,Detailed forensic packet capture analyzed. Firewall block rule updated and hash banned on all endpoints.,ALT-1329
CAS-621,ENT-003,Bharat Telecom Ltd,Incident Investigation: Unusual Outbound C2 Traffic to Bulletproof Host,Critical,LEAD-ANALYST-1,2026-09-23 10:08:43,13.17,Resolved - Remediated,Detailed forensic packet capture analyzed. Firewall block rule updated and hash banned on all endpoints.,ALT-1338
CAS-622,ENT-003,Bharat Telecom Ltd,Incident Investigation: DDoS Volumetric Spike on External Gateway,High,LEAD-ANALYST-3,2026-09-01 06:50:05,10.75,Resolved - Remediated,Detailed forensic packet capture analyzed. Firewall block rule updated and hash banned on all endpoints.,ALT-1344
CAS-623,ENT-003,Bharat Telecom Ltd,Incident Investigation: User Account Password Changed During Off-Hours,Low,LEAD-ANALYST-4,2026-08-30 16:37:47,12.18,Resolved - Remediated,Detailed forensic packet capture analyzed. Firewall block rule updated and hash banned on all endpoints.,ALT-1345
CAS-624,ENT-003,Bharat Telecom Ltd,Incident Investigation: Port Scanning from Substation Segment,High,LEAD-ANALYST-2,2026-08-30 15:12:07,9.81,Resolved - Remediated,Detailed forensic packet capture analyzed. Firewall block rule updated and hash banned on all endpoints.,ALT-1348
CAS-625,ENT-003,Bharat Telecom Ltd,Incident Investigation: Air Traffic Primary Radar Feed Desync,Critical,LEAD-ANALYST-6,2026-09-28 22:10:08,7.39,Resolved - Remediated,Detailed forensic packet capture analyzed. Firewall block rule updated and hash banned on all endpoints.,ALT-1351
CAS-626,ENT-003,Bharat Telecom Ltd,Incident Investigation: New Service Creation via PsExec,Medium,LEAD-ANALYST-2,2026-09-13 19:13:33,13.5,Resolved - Remediated,Detailed forensic packet capture analyzed. Firewall block rule updated and hash banned on all endpoints.,ALT-1352
CAS-627,ENT-003,Bharat Telecom Ltd,Incident Investigation: SCADA Telemetry Protocol Disruption,Critical,LEAD-ANALYST-4,2026-08-30 16:15:30,10.72,Resolved - Remediated,Detailed forensic packet capture analyzed. Firewall block rule updated and hash banned on all endpoints.,ALT-1353
CAS-628,ENT-003,Bharat Telecom Ltd,Incident Investigation: Air Traffic Primary Radar Feed Desync,Critical,LEAD-ANALYST-2,2026-09-11 16:21:41,7.13,Resolved - Remediated,Detailed forensic packet capture analyzed. Firewall block rule updated and hash banned on all endpoints.,ALT-1357
CAS-629,ENT-004,Metro Airport Authority,Incident Investigation: Unusual Outbound C2 Traffic to Bulletproof Host,Critical,LEAD-ANALYST-4,2026-09-22 17:24:54,0.37,Closed - No Threat,Template triage. No indicator of compromise registered.,ALT-1361
CAS-630,ENT-004,Metro Airport Authority,Incident Investigation: Multiple Failed Logins Followed by Successful Admin Access,High,LEAD-ANALYST-4,2026-09-05 19:08:34,0.13,Closed - No Threat,Template triage. No indicator of compromise registered.,ALT-1363
CAS-631,ENT-004,Metro Airport Authority,Incident Investigation: Multiple Failed Logins Followed by Successful Admin Access,Critical,LEAD-ANALYST-4,2026-09-08 18:49:23,6.11,Resolved - Remediated,Detailed forensic packet capture analyzed. Firewall block rule updated and hash banned on all endpoints.,ALT-1365
CAS-632,ENT-004,Metro Airport Authority,Incident Investigation: Privilege Escalation on Domain Controller,Critical,LEAD-ANALYST-5,2026-09-19 00:14:45,6.38,Resolved - Remediated,Detailed forensic packet capture analyzed. Firewall block rule updated and hash banned on all endpoints.,ALT-1367
CAS-633,ENT-004,Metro Airport Authority,Incident Investigation: Multiple Failed Logins Followed by Successful Admin Access,High,LEAD-ANALYST-1,2026-08-30 21:33:06,0.17,Closed - No Threat,Template triage. No indicator of compromise registered.,ALT-1368
CAS-634,ENT-004,Metro Airport Authority,Incident Investigation: Unusual Outbound C2 Traffic to Bulletproof Host,Critical,LEAD-ANALYST-5,2026-09-23 05:00:27,5.96,Resolved - Remediated,Detailed forensic packet capture analyzed. Firewall block rule updated and hash banned on all endpoints.,ALT-1369
CAS-635,ENT-004,Metro Airport Authority,Incident Investigation: Unusual Outbound C2 Traffic to Bulletproof Host,Critical,LEAD-ANALYST-3,2026-09-03 12:28:25,0.28,Closed - No Threat,Template triage. No indicator of compromise registered.,ALT-1370
CAS-636,ENT-004,Metro Airport Authority,Incident Investigation: DDoS Volumetric Spike on External Gateway,High,LEAD-ANALYST-5,2026-09-02 11:37:16,11.88,Resolved - Remediated,Detailed forensic packet capture analyzed. Firewall block rule updated and hash banned on all endpoints.,ALT-1372
CAS-637,ENT-004,Metro Airport Authority,Incident Investigation: Air Traffic Primary Radar Feed Desync,Critical,LEAD-ANALYST-5,2026-09-15 12:38:19,12.08,Resolved - Remediated,Detailed forensic packet capture analyzed. Firewall block rule updated and hash banned on all endpoints.,ALT-1373
CAS-638,ENT-004,Metro Airport Authority,Incident Investigation: SWIFT Transaction Queue Tamper Event,Critical,LEAD-ANALYST-4,2026-09-27 05:53:33,0.15,Closed - No Threat,Template triage. No indicator of compromise registered.,ALT-1374
CAS-639,ENT-004,Metro Airport Authority,Incident Investigation: DDoS Volumetric Spike on External Gateway,High,LEAD-ANALYST-3,2026-09-02 11:43:07,0.14,Closed - No Threat,Template triage. No indicator of compromise registered.,ALT-1380
CAS-640,ENT-004,Metro Airport Authority,Incident Investigation: Outdated Endpoint Antivirus Signature,Low,LEAD-ANALYST-1,2026-09-17 09:10:01,0.17,Closed - No Threat,Template triage. No indicator of compromise registered.,ALT-1383
CAS-641,ENT-004,Metro Airport Authority,Incident Investigation: DDoS Volumetric Spike on External Gateway,High,LEAD-ANALYST-5,2026-09-05 04:27:50,0.32,Closed - No Threat,Template triage. No indicator of compromise registered.,ALT-1384
CAS-642,ENT-004,Metro Airport Authority,Incident Investigation: Port Scanning from Substation Segment,High,LEAD-ANALYST-2,2026-09-27 23:25:46,13.19,Resolved - Remediated,Detailed forensic packet capture analyzed. Firewall block rule updated and hash banned on all endpoints.,ALT-1392
CAS-643,ENT-004,Metro Airport Authority,Incident Investigation: Port Scanning from Substation Segment,High,LEAD-ANALYST-5,2026-09-24 15:27:20,5.03,Resolved - Remediated,Detailed forensic packet capture analyzed. Firewall block rule updated and hash banned on all endpoints.,ALT-1396
CAS-644,ENT-004,Metro Airport Authority,Incident Investigation: Privilege Escalation on Domain Controller,Critical,LEAD-ANALYST-4,2026-09-15 22:26:51,0.23,Closed - No Threat,Template triage. No indicator of compromise registered.,ALT-1397
CAS-645,ENT-004,Metro Airport Authority,Incident Investigation: Excessive DNS Queries for DGA Domains,Critical,LEAD-ANALYST-3,2026-09-21 01:10:41,0.31,Closed - No Threat,Template triage. No indicator of compromise registered.,ALT-1398
CAS-646,ENT-004,Metro Airport Authority,Incident Investigation: Unauthorized Registry Modification on SCADA HMI,High,LEAD-ANALYST-5,2026-09-09 09:28:48,12.68,Resolved - Remediated,Detailed forensic packet capture analyzed. Firewall block rule updated and hash banned on all endpoints.,ALT-1401
CAS-647,ENT-004,Metro Airport Authority,Incident Investigation: Excessive DNS Queries for DGA Domains,Critical,LEAD-ANALYST-4,2026-09-09 07:28:29,0.28,Closed - No Threat,Template triage. No indicator of compromise registered.,ALT-1403
CAS-648,ENT-004,Metro Airport Authority,Incident Investigation: User Account Password Changed During Off-Hours,Low,LEAD-ANALYST-5,2026-09-28 12:10:55,0.28,Closed - No Threat,Template triage. No indicator of compromise registered.,ALT-1405
CAS-649,ENT-004,Metro Airport Authority,Incident Investigation: Unusual Outbound C2 Traffic to Bulletproof Host,Critical,LEAD-ANALYST-2,2026-09-15 03:44:59,5.9,Resolved - Remediated,Detailed forensic packet capture analyzed. Firewall block rule updated and hash banned on all endpoints.,ALT-1406
CAS-650,ENT-004,Metro Airport Authority,Incident Investigation: Port Scanning from Substation Segment,High,LEAD-ANALYST-6,2026-09-17 13:00:27,3.01,Resolved - Remediated,Detailed forensic packet capture analyzed. Firewall block rule updated and hash banned on all endpoints.,ALT-1408
CAS-651,ENT-004,Metro Airport Authority,Incident Investigation: SCADA Telemetry Protocol Disruption,Critical,LEAD-ANALYST-2,2026-09-14 08:22:52,2.76,Resolved - Remediated,Detailed forensic packet capture analyzed. Firewall block rule updated and hash banned on all endpoints.,ALT-1411
CAS-652,ENT-004,Metro Airport Authority,Incident Investigation: User Account Password Changed During Off-Hours,Low,LEAD-ANALYST-3,2026-09-20 14:38:25,0.2,Closed - No Threat,Template triage. No indicator of compromise registered.,ALT-1414
CAS-653,ENT-004,Metro Airport Authority,Incident Investigation: SWIFT Transaction Queue Tamper Event,Critical,LEAD-ANALYST-6,2026-09-18 03:12:25,6.29,Resolved - Remediated,Detailed forensic packet capture analyzed. Firewall block rule updated and hash banned on all endpoints.,ALT-1416
CAS-654,ENT-004,Metro Airport Authority,Incident Investigation: Unusual Outbound C2 Traffic to Bulletproof Host,Critical,LEAD-ANALYST-1,2026-09-17 11:36:10,0.24,Closed - No Threat,Template triage. No indicator of compromise registered.,ALT-1417
CAS-655,ENT-004,Metro Airport Authority,Incident Investigation: User Account Password Changed During Off-Hours,Low,LEAD-ANALYST-6,2026-09-23 09:04:03,0.39,Closed - No Threat,Template triage. No indicator of compromise registered.,ALT-1422
CAS-656,ENT-004,Metro Airport Authority,Incident Investigation: SWIFT Transaction Queue Tamper Event,Critical,LEAD-ANALYST-3,2026-09-01 20:22:56,0.15,Closed - No Threat,Template triage. No indicator of compromise registered.,ALT-1423
CAS-657,ENT-004,Metro Airport Authority,Incident Investigation: Multiple Failed Logins Followed by Successful Admin Access,High,LEAD-ANALYST-6,2026-09-23 23:10:08,5.51,Resolved - Remediated,Detailed forensic packet capture analyzed. Firewall block rule updated and hash banned on all endpoints.,ALT-1424
CAS-658,ENT-004,Metro Airport Authority,Incident Investigation: PowerShell Script Executed with Encoded Command,High,LEAD-ANALYST-6,2026-09-28 01:31:15,5.32,Resolved - Remediated,Detailed forensic packet capture analyzed. Firewall block rule updated and hash banned on all endpoints.,ALT-1427
CAS-659,ENT-004,Metro Airport Authority,Incident Investigation: Unusual Outbound C2 Traffic to Bulletproof Host,Critical,LEAD-ANALYST-6,2026-09-16 09:13:48,0.24,Closed - No Threat,Template triage. No indicator of compromise registered.,ALT-1434
CAS-660,ENT-004,Metro Airport Authority,Incident Investigation: Unusual Outbound C2 Traffic to Bulletproof Host,Critical,LEAD-ANALYST-6,2026-09-03 21:43:18,0.22,Closed - No Threat,Template triage. No indicator of compromise registered.,ALT-1436
CAS-661,ENT-004,Metro Airport Authority,Incident Investigation: User Account Password Changed During Off-Hours,Low,LEAD-ANALYST-2,2026-09-03 20:07:27,0.31,Closed - No Threat,Template triage. No indicator of compromise registered.,ALT-1442
CAS-662,ENT-004,Metro Airport Authority,Incident Investigation: DDoS Volumetric Spike on External Gateway,High,LEAD-ANALYST-2,2026-09-24 17:52:57,0.11,Closed - No Threat,Template triage. No indicator of compromise registered.,ALT-1450
CAS-663,ENT-004,Metro Airport Authority,Incident Investigation: Privilege Escalation on Domain Controller,Critical,LEAD-ANALYST-4,2026-09-20 11:04:32,10.66,Resolved - Remediated,Detailed forensic packet capture analyzed. Firewall block rule updated and hash banned on all endpoints.,ALT-1453
CAS-664,ENT-004,Metro Airport Authority,Incident Investigation: Air Traffic Primary Radar Feed Desync,Critical,LEAD-ANALYST-2,2026-09-27 00:43:57,6.63,Resolved - Remediated,Detailed forensic packet capture analyzed. Firewall block rule updated and hash banned on all endpoints.,ALT-1459
CAS-665,ENT-004,Metro Airport Authority,Incident Investigation: Unauthorized Registry Modification on SCADA HMI,High,LEAD-ANALYST-6,2026-09-02 02:56:54,0.34,Closed - No Threat,Template triage. No indicator of compromise registered.,ALT-1462
CAS-666,ENT-004,Metro Airport Authority,Incident Investigation: New Service Creation via PsExec,Critical,LEAD-ANALYST-5,2026-09-27 03:33:47,4.37,Resolved - Remediated,Detailed forensic packet capture analyzed. Firewall block rule updated and hash banned on all endpoints.,ALT-1463
CAS-667,ENT-004,Metro Airport Authority,Incident Investigation: Excessive DNS Queries for DGA Domains,Medium,LEAD-ANALYST-6,2026-09-01 22:20:55,5.48,Resolved - Remediated,Detailed forensic packet capture analyzed. Firewall block rule updated and hash banned on all endpoints.,ALT-1465
CAS-668,ENT-004,Metro Airport Authority,Incident Investigation: Certificate Expiration Warning on TLS Gateway,Low,LEAD-ANALYST-4,2026-09-23 13:50:52,0.12,Closed - No Threat,Template triage. No indicator of compromise registered.,ALT-1471
CAS-669,ENT-004,Metro Airport Authority,Incident Investigation: Air Traffic Primary Radar Feed Desync,Critical,LEAD-ANALYST-2,2026-09-25 17:26:20,9.3,Resolved - Remediated,Detailed forensic packet capture analyzed. Firewall block rule updated and hash banned on all endpoints.,ALT-1473
CAS-670,ENT-004,Metro Airport Authority,Incident Investigation: DDoS Volumetric Spike on External Gateway,Critical,LEAD-ANALYST-6,2026-08-30 14:12:52,6.05,Resolved - Remediated,Detailed forensic packet capture analyzed. Firewall block rule updated and hash banned on all endpoints.,ALT-1476
CAS-671,ENT-005,Eastern Port Trust,Incident Investigation: PowerShell Script Executed with Encoded Command,High,LEAD-ANALYST-3,2026-09-25 05:02:55,11.82,Resolved - Remediated,Detailed forensic packet capture analyzed. Firewall block rule updated and hash banned on all endpoints.,ALT-1481
CAS-672,ENT-005,Eastern Port Trust,Incident Investigation: Unusual Outbound C2 Traffic to Bulletproof Host,Critical,LEAD-ANALYST-6,2026-09-08 03:24:56,13.64,Resolved - Remediated,Detailed forensic packet capture analyzed. Firewall block rule updated and hash banned on all endpoints.,ALT-1482
CAS-673,ENT-005,Eastern Port Trust,Incident Investigation: Excessive DNS Queries for DGA Domains,Medium,LEAD-ANALYST-6,2026-09-17 02:24:52,13.23,Resolved - Remediated,Detailed forensic packet capture analyzed. Firewall block rule updated and hash banned on all endpoints.,ALT-1487
CAS-674,ENT-005,Eastern Port Trust,Incident Investigation: Unusual Outbound C2 Traffic to Bulletproof Host,Critical,LEAD-ANALYST-1,2026-09-19 06:19:33,13.11,Resolved - Remediated,Detailed forensic packet capture analyzed. Firewall block rule updated and hash banned on all endpoints.,ALT-1490
CAS-675,ENT-005,Eastern Port Trust,Incident Investigation: Air Traffic Primary Radar Feed Desync,Critical,LEAD-ANALYST-3,2026-09-24 20:04:37,2.56,Resolved - Remediated,Detailed forensic packet capture analyzed. Firewall block rule updated and hash banned on all endpoints.,ALT-1491
CAS-676,ENT-005,Eastern Port Trust,Incident Investigation: User Account Password Changed During Off-Hours,Critical,LEAD-ANALYST-6,2026-09-01 06:55:01,3.92,Resolved - Remediated,Detailed forensic packet capture analyzed. Firewall block rule updated and hash banned on all endpoints.,ALT-1495
CAS-677,ENT-005,Eastern Port Trust,Incident Investigation: Certificate Expiration Warning on TLS Gateway,Low,LEAD-ANALYST-1,2026-09-09 05:22:21,4.69,Resolved - Remediated,Detailed forensic packet capture analyzed. Firewall block rule updated and hash banned on all endpoints.,ALT-1496
CAS-678,ENT-005,Eastern Port Trust,Incident Investigation: Privilege Escalation on Domain Controller,Critical,LEAD-ANALYST-1,2026-09-06 05:46:26,9.81,Resolved - Remediated,Detailed forensic packet capture analyzed. Firewall block rule updated and hash banned on all endpoints.,ALT-1500
CAS-679,ENT-005,Eastern Port Trust,Incident Investigation: Certificate Expiration Warning on TLS Gateway,Low,LEAD-ANALYST-5,2026-09-08 05:19:13,13.07,Resolved - Remediated,Detailed forensic packet capture analyzed. Firewall block rule updated and hash banned on all endpoints.,ALT-1508
CAS-680,ENT-005,Eastern Port Trust,Incident Investigation: Air Traffic Primary Radar Feed Desync,Critical,LEAD-ANALYST-5,2026-09-28 20:26:54,3.73,Resolved - Remediated,Detailed forensic packet capture analyzed. Firewall block rule updated and hash banned on all endpoints.,ALT-1510
CAS-681,ENT-005,Eastern Port Trust,Incident Investigation: Outdated Endpoint Antivirus Signature,Critical,LEAD-ANALYST-1,2026-09-12 20:40:17,8.56,Resolved - Remediated,Detailed forensic packet capture analyzed. Firewall block rule updated and hash banned on all endpoints.,ALT-1513
CAS-682,ENT-005,Eastern Port Trust,Incident Investigation: Multiple Failed Logins Followed by Successful Admin Access,High,LEAD-ANALYST-6,2026-09-24 09:28:22,10.5,Resolved - Remediated,Detailed forensic packet capture analyzed. Firewall block rule updated and hash banned on all endpoints.,ALT-1514
CAS-683,ENT-005,Eastern Port Trust,Incident Investigation: Privilege Escalation on Domain Controller,Critical,LEAD-ANALYST-6,2026-09-14 14:38:24,4.36,Resolved - Remediated,Detailed forensic packet capture analyzed. Firewall block rule updated and hash banned on all endpoints.,ALT-1516
CAS-684,ENT-005,Eastern Port Trust,Incident Investigation: SCADA Telemetry Protocol Disruption,Critical,LEAD-ANALYST-3,2026-09-02 12:27:19,2.69,Resolved - Remediated,Detailed forensic packet capture analyzed. Firewall block rule updated and hash banned on all endpoints.,ALT-1517
CAS-685,ENT-005,Eastern Port Trust,Incident Investigation: Unauthorized Registry Modification on SCADA HMI,High,LEAD-ANALYST-6,2026-09-12 15:51:49,8.94,Resolved - Remediated,Detailed forensic packet capture analyzed. Firewall block rule updated and hash banned on all endpoints.,ALT-1524
CAS-686,ENT-005,Eastern Port Trust,Incident Investigation: Air Traffic Primary Radar Feed Desync,Critical,LEAD-ANALYST-1,2026-09-06 16:45:44,6.94,Resolved - Remediated,Detailed forensic packet capture analyzed. Firewall block rule updated and hash banned on all endpoints.,ALT-1525
CAS-687,ENT-005,Eastern Port Trust,Incident Investigation: Unauthorized Registry Modification on SCADA HMI,High,LEAD-ANALYST-4,2026-09-03 11:32:53,12.46,Resolved - Remediated,Detailed forensic packet capture analyzed. Firewall block rule updated and hash banned on all endpoints.,ALT-1528
CAS-688,ENT-005,Eastern Port Trust,Incident Investigation: PowerShell Script Executed with Encoded Command,High,LEAD-ANALYST-6,2026-09-20 05:41:21,5.65,Resolved - Remediated,Detailed forensic packet capture analyzed. Firewall block rule updated and hash banned on all endpoints.,ALT-1529
CAS-689,ENT-005,Eastern Port Trust,Incident Investigation: Multiple Failed Logins Followed by Successful Admin Access,High,LEAD-ANALYST-3,2026-09-18 16:51:02,7.56,Resolved - Remediated,Detailed forensic packet capture analyzed. Firewall block rule updated and hash banned on all endpoints.,ALT-1530
CAS-690,ENT-005,Eastern Port Trust,Incident Investigation: Multiple Failed Logins Followed by Successful Admin Access,High,LEAD-ANALYST-5,2026-09-14 17:19:07,8.43,Resolved - Remediated,Detailed forensic packet capture analyzed. Firewall block rule updated and hash banned on all endpoints.,ALT-1531
CAS-691,ENT-005,Eastern Port Trust,Incident Investigation: Multiple Failed Logins Followed by Successful Admin Access,High,LEAD-ANALYST-3,2026-08-30 15:12:03,6.0,Resolved - Remediated,Detailed forensic packet capture analyzed. Firewall block rule updated and hash banned on all endpoints.,ALT-1536
CAS-692,ENT-005,Eastern Port Trust,Incident Investigation: Multiple Failed Logins Followed by Successful Admin Access,High,LEAD-ANALYST-4,2026-09-25 08:08:22,8.84,Resolved - Remediated,Detailed forensic packet capture analyzed. Firewall block rule updated and hash banned on all endpoints.,ALT-1537
CAS-693,ENT-005,Eastern Port Trust,Incident Investigation: Excessive DNS Queries for DGA Domains,Medium,LEAD-ANALYST-3,2026-09-23 11:34:01,8.22,Resolved - Remediated,Detailed forensic packet capture analyzed. Firewall block rule updated and hash banned on all endpoints.,ALT-1538
CAS-694,ENT-005,Eastern Port Trust,Incident Investigation: Outdated Endpoint Antivirus Signature,Critical,LEAD-ANALYST-6,2026-09-19 00:15:12,7.74,Resolved - Remediated,Detailed forensic packet capture analyzed. Firewall block rule updated and hash banned on all endpoints.,ALT-1540
CAS-695,ENT-005,Eastern Port Trust,Incident Investigation: Unauthorized Registry Modification on SCADA HMI,High,LEAD-ANALYST-6,2026-09-19 04:28:40,8.24,Resolved - Remediated,Detailed forensic packet capture analyzed. Firewall block rule updated and hash banned on all endpoints.,ALT-1543
CAS-696,ENT-005,Eastern Port Trust,Incident Investigation: DDoS Volumetric Spike on External Gateway,High,LEAD-ANALYST-6,2026-09-23 12:59:22,12.57,Resolved - Remediated,Detailed forensic packet capture analyzed. Firewall block rule updated and hash banned on all endpoints.,ALT-1547
CAS-697,ENT-005,Eastern Port Trust,Incident Investigation: Privilege Escalation on Domain Controller,Critical,LEAD-ANALYST-3,2026-08-31 16:54:35,6.18,Resolved - Remediated,Detailed forensic packet capture analyzed. Firewall block rule updated and hash banned on all endpoints.,ALT-1548
CAS-698,ENT-005,Eastern Port Trust,Incident Investigation: Certificate Expiration Warning on TLS Gateway,Low,LEAD-ANALYST-6,2026-09-02 19:00:16,10.24,Resolved - Remediated,Detailed forensic packet capture analyzed. Firewall block rule updated and hash banned on all endpoints.,ALT-1550
CAS-699,ENT-005,Eastern Port Trust,Incident Investigation: Privilege Escalation on Domain Controller,Critical,LEAD-ANALYST-3,2026-09-05 00:34:34,11.16,Resolved - Remediated,Detailed forensic packet capture analyzed. Firewall block rule updated and hash banned on all endpoints.,ALT-1552
CAS-700,ENT-005,Eastern Port Trust,Incident Investigation: New Service Creation via PsExec,Medium,LEAD-ANALYST-4,2026-09-13 12:35:20,11.44,Resolved - Remediated,Detailed forensic packet capture analyzed. Firewall block rule updated and hash banned on all endpoints.,ALT-1554
CAS-701,ENT-005,Eastern Port Trust,Incident Investigation: DDoS Volumetric Spike on External Gateway,High,LEAD-ANALYST-2,2026-09-24 11:41:57,12.3,Resolved - Remediated,Detailed forensic packet capture analyzed. Firewall block rule updated and hash banned on all endpoints.,ALT-1555
CAS-702,ENT-005,Eastern Port Trust,Incident Investigation: SWIFT Transaction Queue Tamper Event,Critical,LEAD-ANALYST-3,2026-09-05 12:48:58,13.83,Resolved - Remediated,Detailed forensic packet capture analyzed. Firewall block rule updated and hash banned on all endpoints.,ALT-1557
CAS-703,ENT-005,Eastern Port Trust,Incident Investigation: Air Traffic Primary Radar Feed Desync,Critical,LEAD-ANALYST-5,2026-08-31 10:59:35,11.55,Resolved - Remediated,Detailed forensic packet capture analyzed. Firewall block rule updated and hash banned on all endpoints.,ALT-1560
CAS-704,ENT-005,Eastern Port Trust,Incident Investigation: Privilege Escalation on Domain Controller,Critical,LEAD-ANALYST-1,2026-09-19 22:24:32,10.68,Resolved - Remediated,Detailed forensic packet capture analyzed. Firewall block rule updated and hash banned on all endpoints.,ALT-1563
CAS-705,ENT-005,Eastern Port Trust,Incident Investigation: DDoS Volumetric Spike on External Gateway,High,LEAD-ANALYST-5,2026-09-27 13:06:24,11.91,Resolved - Remediated,Detailed forensic packet capture analyzed. Firewall block rule updated and hash banned on all endpoints.,ALT-1569
CAS-706,ENT-005,Eastern Port Trust,Incident Investigation: Port Scanning from Substation Segment,High,LEAD-ANALYST-3,2026-09-25 17:39:31,10.75,Resolved - Remediated,Detailed forensic packet capture analyzed. Firewall block rule updated and hash banned on all endpoints.,ALT-1573
CAS-707,ENT-005,Eastern Port Trust,Incident Investigation: Excessive DNS Queries for DGA Domains,Medium,LEAD-ANALYST-1,2026-09-26 11:52:57,11.43,Resolved - Remediated,Detailed forensic packet capture analyzed. Firewall block rule updated and hash banned on all endpoints.,ALT-1577
CAS-708,ENT-005,Eastern Port Trust,Incident Investigation: Unauthorized Registry Modification on SCADA HMI,High,LEAD-ANALYST-2,2026-09-21 20:35:23,4.72,Resolved - Remediated,Detailed forensic packet capture analyzed. Firewall block rule updated and hash banned on all endpoints.,ALT-1582
CAS-709,ENT-005,Eastern Port Trust,Incident Investigation: Unauthorized Registry Modification on SCADA HMI,Critical,LEAD-ANALYST-2,2026-09-26 21:48:52,9.51,Resolved - Remediated,Detailed forensic packet capture analyzed. Firewall block rule updated and hash banned on all endpoints.,ALT-1583
CAS-710,ENT-005,Eastern Port Trust,Incident Investigation: DDoS Volumetric Spike on External Gateway,High,LEAD-ANALYST-5,2026-08-30 18:32:13,7.87,Resolved - Remediated,Detailed forensic packet capture analyzed. Firewall block rule updated and hash banned on all endpoints.,ALT-1585
CAS-711,ENT-005,Eastern Port Trust,Incident Investigation: SCADA Telemetry Protocol Disruption,Critical,LEAD-ANALYST-5,2026-09-10 23:50:24,5.52,Resolved - Remediated,Detailed forensic packet capture analyzed. Firewall block rule updated and hash banned on all endpoints.,ALT-1591
CAS-712,ENT-005,Eastern Port Trust,Incident Investigation: SCADA Telemetry Protocol Disruption,Critical,LEAD-ANALYST-4,2026-09-02 19:45:53,5.04,Resolved - Remediated,Detailed forensic packet capture analyzed. Firewall block rule updated and hash banned on all endpoints.,ALT-1593
CAS-713,ENT-005,Eastern Port Trust,Incident Investigation: Multiple Failed Logins Followed by Successful Admin Access,Critical,LEAD-ANALYST-3,2026-09-07 05:54:16,12.17,Resolved - Remediated,Detailed forensic packet capture analyzed. Firewall block rule updated and hash banned on all endpoints.,ALT-1594
CAS-714,ENT-005,Eastern Port Trust,Incident Investigation: Port Scanning from Substation Segment,High,LEAD-ANALYST-5,2026-09-13 05:11:06,13.68,Resolved - Remediated,Detailed forensic packet capture analyzed. Firewall block rule updated and hash banned on all endpoints.,ALT-1596
CAS-715,ENT-006,Central Metro Rail,Incident Investigation: Port Scanning from Substation Segment,High,LEAD-ANALYST-4,2026-09-01 16:56:15,10.02,Resolved - Remediated,Detailed forensic packet capture analyzed. Firewall block rule updated and hash banned on all endpoints.,ALT-1602
CAS-716,ENT-006,Central Metro Rail,Incident Investigation: Privilege Escalation on Domain Controller,Critical,LEAD-ANALYST-5,2026-09-14 18:46:19,11.92,Resolved - Remediated,Detailed forensic packet capture analyzed. Firewall block rule updated and hash banned on all endpoints.,ALT-1605
CAS-717,ENT-006,Central Metro Rail,Incident Investigation: Unusual Outbound C2 Traffic to Bulletproof Host,Critical,LEAD-ANALYST-5,2026-09-28 09:23:48,0.18,Closed - No Threat,Template triage. No indicator of compromise registered.,ALT-1609
CAS-718,ENT-006,Central Metro Rail,Incident Investigation: SWIFT Transaction Queue Tamper Event,Critical,LEAD-ANALYST-4,2026-09-05 07:19:31,5.47,Resolved - Remediated,Detailed forensic packet capture analyzed. Firewall block rule updated and hash banned on all endpoints.,ALT-1611
CAS-719,ENT-006,Central Metro Rail,Incident Investigation: Multiple Failed Logins Followed by Successful Admin Access,Critical,LEAD-ANALYST-5,2026-09-14 13:52:23,4.96,Resolved - Remediated,Detailed forensic packet capture analyzed. Firewall block rule updated and hash banned on all endpoints.,ALT-1615
CAS-720,ENT-006,Central Metro Rail,Incident Investigation: Excessive DNS Queries for DGA Domains,Medium,LEAD-ANALYST-1,2026-09-01 19:23:55,0.15,Closed - No Threat,Template triage. No indicator of compromise registered.,ALT-1617
CAS-721,ENT-006,Central Metro Rail,Incident Investigation: Multiple Failed Logins Followed by Successful Admin Access,High,LEAD-ANALYST-6,2026-09-05 09:23:57,0.15,Closed - No Threat,Template triage. No indicator of compromise registered.,ALT-1620
CAS-722,ENT-006,Central Metro Rail,Incident Investigation: Certificate Expiration Warning on TLS Gateway,Low,LEAD-ANALYST-3,2026-09-06 12:47:47,0.24,Closed - No Threat,Template triage. No indicator of compromise registered.,ALT-1622
CAS-723,ENT-006,Central Metro Rail,Incident Investigation: Air Traffic Primary Radar Feed Desync,Critical,LEAD-ANALYST-4,2026-09-13 19:06:37,0.21,Closed - No Threat,Template triage. No indicator of compromise registered.,ALT-1623
CAS-724,ENT-006,Central Metro Rail,Incident Investigation: Unusual Outbound C2 Traffic to Bulletproof Host,Critical,LEAD-ANALYST-6,2026-09-17 00:01:40,0.14,Closed - No Threat,Template triage. No indicator of compromise registered.,ALT-1625
CAS-725,ENT-006,Central Metro Rail,Incident Investigation: Unusual Outbound C2 Traffic to Bulletproof Host,Critical,LEAD-ANALYST-5,2026-09-12 00:46:02,0.2,Closed - No Threat,Template triage. No indicator of compromise registered.,ALT-1627
CAS-726,ENT-006,Central Metro Rail,Incident Investigation: Unusual Outbound C2 Traffic to Bulletproof Host,Critical,LEAD-ANALYST-1,2026-09-08 06:52:58,4.67,Resolved - Remediated,Detailed forensic packet capture analyzed. Firewall block rule updated and hash banned on all endpoints.,ALT-1629
CAS-727,ENT-006,Central Metro Rail,Incident Investigation: User Account Password Changed During Off-Hours,Low,LEAD-ANALYST-2,2026-09-12 17:24:14,8.19,Resolved - Remediated,Detailed forensic packet capture analyzed. Firewall block rule updated and hash banned on all endpoints.,ALT-1632
CAS-728,ENT-006,Central Metro Rail,Incident Investigation: Excessive DNS Queries for DGA Domains,Critical,LEAD-ANALYST-6,2026-09-01 05:58:53,2.61,Resolved - Remediated,Detailed forensic packet capture analyzed. Firewall block rule updated and hash banned on all endpoints.,ALT-1633
CAS-729,ENT-006,Central Metro Rail,Incident Investigation: Air Traffic Primary Radar Feed Desync,Critical,LEAD-ANALYST-5,2026-09-10 22:45:58,0.35,Closed - No Threat,Template triage. No indicator of compromise registered.,ALT-1635
CAS-730,ENT-006,Central Metro Rail,Incident Investigation: Unusual Outbound C2 Traffic to Bulletproof Host,Critical,LEAD-ANALYST-3,2026-09-02 16:25:37,8.59,Resolved - Remediated,Detailed forensic packet capture analyzed. Firewall block rule updated and hash banned on all endpoints.,ALT-1636
CAS-731,ENT-006,Central Metro Rail,Incident Investigation: Multiple Failed Logins Followed by Successful Admin Access,High,LEAD-ANALYST-3,2026-09-20 21:17:48,0.2,Closed - No Threat,Template triage. No indicator of compromise registered.,ALT-1641
CAS-732,ENT-006,Central Metro Rail,Incident Investigation: DDoS Volumetric Spike on External Gateway,High,LEAD-ANALYST-4,2026-09-22 07:42:59,0.23,Closed - No Threat,Template triage. No indicator of compromise registered.,ALT-1643
CAS-733,ENT-006,Central Metro Rail,Incident Investigation: Unusual Outbound C2 Traffic to Bulletproof Host,Critical,LEAD-ANALYST-2,2026-09-02 08:16:32,8.25,Resolved - Remediated,Detailed forensic packet capture analyzed. Firewall block rule updated and hash banned on all endpoints.,ALT-1645
CAS-734,ENT-006,Central Metro Rail,Incident Investigation: Multiple Failed Logins Followed by Successful Admin Access,High,LEAD-ANALYST-5,2026-09-13 23:41:41,3.67,Resolved - Remediated,Detailed forensic packet capture analyzed. Firewall block rule updated and hash banned on all endpoints.,ALT-1646
CAS-735,ENT-006,Central Metro Rail,Incident Investigation: Multiple Failed Logins Followed by Successful Admin Access,High,LEAD-ANALYST-6,2026-09-18 08:32:48,6.19,Resolved - Remediated,Detailed forensic packet capture analyzed. Firewall block rule updated and hash banned on all endpoints.,ALT-1648
CAS-736,ENT-006,Central Metro Rail,Incident Investigation: SWIFT Transaction Queue Tamper Event,Critical,LEAD-ANALYST-5,2026-09-05 20:48:01,0.37,Closed - No Threat,Template triage. No indicator of compromise registered.,ALT-1650
CAS-737,ENT-006,Central Metro Rail,Incident Investigation: Unusual Outbound C2 Traffic to Bulletproof Host,Critical,LEAD-ANALYST-5,2026-09-11 16:20:58,7.0,Resolved - Remediated,Detailed forensic packet capture analyzed. Firewall block rule updated and hash banned on all endpoints.,ALT-1652
CAS-738,ENT-006,Central Metro Rail,Incident Investigation: Privilege Escalation on Domain Controller,Critical,LEAD-ANALYST-5,2026-09-15 19:07:36,11.47,Resolved - Remediated,Detailed forensic packet capture analyzed. Firewall block rule updated and hash banned on all endpoints.,ALT-1653
CAS-739,ENT-006,Central Metro Rail,Incident Investigation: PowerShell Script Executed with Encoded Command,High,LEAD-ANALYST-3,2026-09-18 10:22:22,0.26,Closed - No Threat,Template triage. No indicator of compromise registered.,ALT-1661
CAS-740,ENT-006,Central Metro Rail,Incident Investigation: Unusual Outbound C2 Traffic to Bulletproof Host,Critical,LEAD-ANALYST-2,2026-09-13 00:00:36,0.31,Closed - No Threat,Template triage. No indicator of compromise registered.,ALT-1663
CAS-741,ENT-006,Central Metro Rail,Incident Investigation: PowerShell Script Executed with Encoded Command,High,LEAD-ANALYST-3,2026-08-31 07:40:48,0.15,Closed - No Threat,Template triage. No indicator of compromise registered.,ALT-1664
CAS-742,ENT-006,Central Metro Rail,Incident Investigation: Privilege Escalation on Domain Controller,Critical,LEAD-ANALYST-1,2026-09-19 00:09:12,3.83,Resolved - Remediated,Detailed forensic packet capture analyzed. Firewall block rule updated and hash banned on all endpoints.,ALT-1667
CAS-743,ENT-006,Central Metro Rail,Incident Investigation: DDoS Volumetric Spike on External Gateway,High,LEAD-ANALYST-3,2026-09-16 04:13:27,0.33,Closed - No Threat,Template triage. No indicator of compromise registered.,ALT-1670
CAS-744,ENT-006,Central Metro Rail,Incident Investigation: PowerShell Script Executed with Encoded Command,High,LEAD-ANALYST-1,2026-08-31 20:23:24,0.29,Closed - No Threat,Template triage. No indicator of compromise registered.,ALT-1671
CAS-745,ENT-006,Central Metro Rail,Incident Investigation: Unusual Outbound C2 Traffic to Bulletproof Host,Critical,LEAD-ANALYST-2,2026-09-21 14:28:42,10.53,Resolved - Remediated,Detailed forensic packet capture analyzed. Firewall block rule updated and hash banned on all endpoints.,ALT-1674
CAS-746,ENT-006,Central Metro Rail,Incident Investigation: Multiple Failed Logins Followed by Successful Admin Access,Critical,LEAD-ANALYST-2,2026-09-24 21:46:05,0.19,Closed - No Threat,Template triage. No indicator of compromise registered.,ALT-1675
CAS-747,ENT-006,Central Metro Rail,Incident Investigation: SCADA Telemetry Protocol Disruption,Critical,LEAD-ANALYST-5,2026-09-02 18:48:44,7.29,Resolved - Remediated,Detailed forensic packet capture analyzed. Firewall block rule updated and hash banned on all endpoints.,ALT-1680
CAS-748,ENT-006,Central Metro Rail,Incident Investigation: SWIFT Transaction Queue Tamper Event,Critical,LEAD-ANALYST-3,2026-09-26 20:35:20,0.21,Closed - No Threat,Template triage. No indicator of compromise registered.,ALT-1683
CAS-749,ENT-006,Central Metro Rail,Incident Investigation: PowerShell Script Executed with Encoded Command,High,LEAD-ANALYST-4,2026-09-23 00:12:24,0.22,Closed - No Threat,Template triage. No indicator of compromise registered.,ALT-1684
CAS-750,ENT-006,Central Metro Rail,Incident Investigation: Multiple Failed Logins Followed by Successful Admin Access,High,LEAD-ANALYST-5,2026-09-09 01:05:00,0.32,Closed - No Threat,Template triage. No indicator of compromise registered.,ALT-1685
CAS-751,ENT-006,Central Metro Rail,Incident Investigation: Outdated Endpoint Antivirus Signature,Low,LEAD-ANALYST-1,2026-09-03 23:58:55,0.12,Closed - No Threat,Template triage. No indicator of compromise registered.,ALT-1686
CAS-752,ENT-006,Central Metro Rail,Incident Investigation: Multiple Failed Logins Followed by Successful Admin Access,High,LEAD-ANALYST-1,2026-09-29 03:59:21,0.19,Closed - No Threat,Template triage. No indicator of compromise registered.,ALT-1687
CAS-753,ENT-006,Central Metro Rail,Incident Investigation: SCADA Telemetry Protocol Disruption,Critical,LEAD-ANALYST-1,2026-09-19 06:33:38,3.73,Resolved - Remediated,Detailed forensic packet capture analyzed. Firewall block rule updated and hash banned on all endpoints.,ALT-1689
CAS-754,ENT-006,Central Metro Rail,Incident Investigation: SCADA Telemetry Protocol Disruption,Critical,LEAD-ANALYST-3,2026-09-03 12:28:58,0.16,Closed - No Threat,Template triage. No indicator of compromise registered.,ALT-1695
CAS-755,ENT-006,Central Metro Rail,Incident Investigation: Unusual Outbound C2 Traffic to Bulletproof Host,Critical,LEAD-ANALYST-2,2026-09-14 22:17:12,0.15,Closed - No Threat,Template triage. No indicator of compromise registered.,ALT-1696
CAS-756,ENT-006,Central Metro Rail,Incident Investigation: Port Scanning from Substation Segment,High,LEAD-ANALYST-5,2026-09-17 08:33:33,4.17,Resolved - Remediated,Detailed forensic packet capture analyzed. Firewall block rule updated and hash banned on all endpoints.,ALT-1701
CAS-757,ENT-006,Central Metro Rail,Incident Investigation: Air Traffic Primary Radar Feed Desync,Critical,LEAD-ANALYST-6,2026-09-28 01:37:07,0.12,Closed - No Threat,Template triage. No indicator of compromise registered.,ALT-1709
CAS-758,ENT-006,Central Metro Rail,Incident Investigation: Privilege Escalation on Domain Controller,Critical,LEAD-ANALYST-1,2026-09-21 20:44:46,0.37,Closed - No Threat,Template triage. No indicator of compromise registered.,ALT-1713
CAS-759,ENT-006,Central Metro Rail,Incident Investigation: Air Traffic Primary Radar Feed Desync,Critical,LEAD-ANALYST-4,2026-09-03 09:02:22,0.19,Closed - No Threat,Template triage. No indicator of compromise registered.,ALT-1716
CAS-760,ENT-006,Central Metro Rail,Incident Investigation: Port Scanning from Substation Segment,High,LEAD-ANALYST-4,2026-09-18 09:30:16,0.2,Closed - No Threat,Template triage. No indicator of compromise registered.,ALT-1719
CAS-761,ENT-006,Central Metro Rail,Incident Investigation: Privilege Escalation on Domain Controller,Critical,LEAD-ANALYST-3,2026-09-19 19:50:28,0.21,Closed - No Threat,Template triage. No indicator of compromise registered.,ALT-1720
CAS-762,ENT-007,National Highway Authority,Incident Investigation: PowerShell Script Executed with Encoded Command,High,LEAD-ANALYST-4,2026-08-31 09:40:22,13.62,Resolved - Remediated,Detailed forensic packet capture analyzed. Firewall block rule updated and hash banned on all endpoints.,ALT-1721
CAS-763,ENT-007,National Highway Authority,Incident Investigation: Privilege Escalation on Domain Controller,Critical,LEAD-ANALYST-2,2026-09-15 06:40:33,8.24,Resolved - Remediated,Detailed forensic packet capture analyzed. Firewall block rule updated and hash banned on all endpoints.,ALT-1723
CAS-764,ENT-007,National Highway Authority,Incident Investigation: DDoS Volumetric Spike on External Gateway,High,LEAD-ANALYST-3,2026-09-24 08:07:32,4.11,Resolved - Remediated,Detailed forensic packet capture analyzed. Firewall block rule updated and hash banned on all endpoints.,ALT-1726
CAS-765,ENT-007,National Highway Authority,Incident Investigation: DDoS Volumetric Spike on External Gateway,Critical,LEAD-ANALYST-6,2026-09-21 08:06:02,9.96,Resolved - Remediated,Detailed forensic packet capture analyzed. Firewall block rule updated and hash banned on all endpoints.,ALT-1728
CAS-766,ENT-007,National Highway Authority,Incident Investigation: Unauthorized Registry Modification on SCADA HMI,High,LEAD-ANALYST-1,2026-09-08 19:41:34,6.96,Resolved - Remediated,Detailed forensic packet capture analyzed. Firewall block rule updated and hash banned on all endpoints.,ALT-1729
CAS-767,ENT-007,National Highway Authority,Incident Investigation: Air Traffic Primary Radar Feed Desync,Critical,LEAD-ANALYST-6,2026-09-01 21:53:44,6.01,Resolved - Remediated,Detailed forensic packet capture analyzed. Firewall block rule updated and hash banned on all endpoints.,ALT-1730
CAS-768,ENT-007,National Highway Authority,Incident Investigation: Unauthorized Registry Modification on SCADA HMI,High,LEAD-ANALYST-2,2026-09-01 05:25:56,4.7,Resolved - Remediated,Detailed forensic packet capture analyzed. Firewall block rule updated and hash banned on all endpoints.,ALT-1733
CAS-769,ENT-007,National Highway Authority,Incident Investigation: Excessive DNS Queries for DGA Domains,Medium,LEAD-ANALYST-1,2026-09-05 14:14:32,7.44,Resolved - Remediated,Detailed forensic packet capture analyzed. Firewall block rule updated and hash banned on all endpoints.,ALT-1735
CAS-770,ENT-007,National Highway Authority,Incident Investigation: Multiple Failed Logins Followed by Successful Admin Access,High,LEAD-ANALYST-1,2026-08-31 08:53:37,12.39,Resolved - Remediated,Detailed forensic packet capture analyzed. Firewall block rule updated and hash banned on all endpoints.,ALT-1736
CAS-771,ENT-007,National Highway Authority,Incident Investigation: New Service Creation via PsExec,Critical,LEAD-ANALYST-1,2026-09-12 00:04:36,8.31,Resolved - Remediated,Detailed forensic packet capture analyzed. Firewall block rule updated and hash banned on all endpoints.,ALT-1737
CAS-772,ENT-007,National Highway Authority,Incident Investigation: Unusual Outbound C2 Traffic to Bulletproof Host,Critical,LEAD-ANALYST-6,2026-09-04 04:37:08,9.26,Resolved - Remediated,Detailed forensic packet capture analyzed. Firewall block rule updated and hash banned on all endpoints.,ALT-1742
CAS-773,ENT-007,National Highway Authority,Incident Investigation: Multiple Failed Logins Followed by Successful Admin Access,Critical,LEAD-ANALYST-6,2026-09-14 07:32:17,4.34,Resolved - Remediated,Detailed forensic packet capture analyzed. Firewall block rule updated and hash banned on all endpoints.,ALT-1743
CAS-774,ENT-007,National Highway Authority,Incident Investigation: PowerShell Script Executed with Encoded Command,High,LEAD-ANALYST-3,2026-09-03 09:51:41,13.3,Resolved - Remediated,Detailed forensic packet capture analyzed. Firewall block rule updated and hash banned on all endpoints.,ALT-1744
CAS-775,ENT-007,National Highway Authority,Incident Investigation: Unusual Outbound C2 Traffic to Bulletproof Host,Critical,LEAD-ANALYST-6,2026-09-22 20:45:34,10.64,Resolved - Remediated,Detailed forensic packet capture analyzed. Firewall block rule updated and hash banned on all endpoints.,ALT-1755
CAS-776,ENT-007,National Highway Authority,Incident Investigation: Unusual Outbound C2 Traffic to Bulletproof Host,Critical,LEAD-ANALYST-2,2026-09-03 10:36:15,13.52,Resolved - Remediated,Detailed forensic packet capture analyzed. Firewall block rule updated and hash banned on all endpoints.,ALT-1758
CAS-777,ENT-007,National Highway Authority,Incident Investigation: Multiple Failed Logins Followed by Successful Admin Access,High,LEAD-ANALYST-2,2026-09-07 01:21:55,5.04,Resolved - Remediated,Detailed forensic packet capture analyzed. Firewall block rule updated and hash banned on all endpoints.,ALT-1761
CAS-778,ENT-007,National Highway Authority,Incident Investigation: Unusual Outbound C2 Traffic to Bulletproof Host,Critical,LEAD-ANALYST-4,2026-09-16 01:26:14,8.94,Resolved - Remediated,Detailed forensic packet capture analyzed. Firewall block rule updated and hash banned on all endpoints.,ALT-1762
CAS-779,ENT-007,National Highway Authority,Incident Investigation: Unusual Outbound C2 Traffic to Bulletproof Host,Critical,LEAD-ANALYST-4,2026-09-15 06:12:40,5.46,Resolved - Remediated,Detailed forensic packet capture analyzed. Firewall block rule updated and hash banned on all endpoints.,ALT-1764
CAS-780,ENT-007,National Highway Authority,Incident Investigation: SWIFT Transaction Queue Tamper Event,Critical,LEAD-ANALYST-4,2026-09-06 03:45:54,7.41,Resolved - Remediated,Detailed forensic packet capture analyzed. Firewall block rule updated and hash banned on all endpoints.,ALT-1766
CAS-781,ENT-007,National Highway Authority,Incident Investigation: SWIFT Transaction Queue Tamper Event,Critical,LEAD-ANALYST-6,2026-09-24 15:32:26,8.52,Resolved - Remediated,Detailed forensic packet capture analyzed. Firewall block rule updated and hash banned on all endpoints.,ALT-1767
CAS-782,ENT-007,National Highway Authority,Incident Investigation: PowerShell Script Executed with Encoded Command,High,LEAD-ANALYST-5,2026-09-24 04:32:12,11.56,Resolved - Remediated,Detailed forensic packet capture analyzed. Firewall block rule updated and hash banned on all endpoints.,ALT-1768
CAS-783,ENT-007,National Highway Authority,Incident Investigation: Excessive DNS Queries for DGA Domains,Medium,LEAD-ANALYST-4,2026-09-20 16:32:45,4.64,Resolved - Remediated,Detailed forensic packet capture analyzed. Firewall block rule updated and hash banned on all endpoints.,ALT-1770
CAS-784,ENT-007,National Highway Authority,Incident Investigation: Unauthorized Registry Modification on SCADA HMI,High,LEAD-ANALYST-3,2026-09-16 18:24:54,11.61,Resolved - Remediated,Detailed forensic packet capture analyzed. Firewall block rule updated and hash banned on all endpoints.,ALT-1773
CAS-785,ENT-007,National Highway Authority,Incident Investigation: Outdated Endpoint Antivirus Signature,Low,LEAD-ANALYST-3,2026-09-12 00:51:17,11.73,Resolved - Remediated,Detailed forensic packet capture analyzed. Firewall block rule updated and hash banned on all endpoints.,ALT-1775
CAS-786,ENT-007,National Highway Authority,Incident Investigation: Outdated Endpoint Antivirus Signature,Low,LEAD-ANALYST-3,2026-09-17 15:01:27,8.78,Resolved - Remediated,Detailed forensic packet capture analyzed. Firewall block rule updated and hash banned on all endpoints.,ALT-1776
CAS-787,ENT-007,National Highway Authority,Incident Investigation: PowerShell Script Executed with Encoded Command,High,LEAD-ANALYST-4,2026-09-22 18:58:06,8.16,Resolved - Remediated,Detailed forensic packet capture analyzed. Firewall block rule updated and hash banned on all endpoints.,ALT-1780
CAS-788,ENT-007,National Highway Authority,Incident Investigation: SWIFT Transaction Queue Tamper Event,Critical,LEAD-ANALYST-5,2026-09-19 14:00:30,5.65,Resolved - Remediated,Detailed forensic packet capture analyzed. Firewall block rule updated and hash banned on all endpoints.,ALT-1782
CAS-789,ENT-007,National Highway Authority,Incident Investigation: Port Scanning from Substation Segment,High,LEAD-ANALYST-5,2026-09-17 17:43:01,7.58,Resolved - Remediated,Detailed forensic packet capture analyzed. Firewall block rule updated and hash banned on all endpoints.,ALT-1784
CAS-790,ENT-007,National Highway Authority,Incident Investigation: Port Scanning from Substation Segment,High,LEAD-ANALYST-5,2026-08-31 09:10:28,13.49,Resolved - Remediated,Detailed forensic packet capture analyzed. Firewall block rule updated and hash banned on all endpoints.,ALT-1787
CAS-791,ENT-007,National Highway Authority,Incident Investigation: PowerShell Script Executed with Encoded Command,High,LEAD-ANALYST-2,2026-09-07 08:50:12,13.44,Resolved - Remediated,Detailed forensic packet capture analyzed. Firewall block rule updated and hash banned on all endpoints.,ALT-1791
CAS-792,ENT-007,National Highway Authority,Incident Investigation: Outdated Endpoint Antivirus Signature,Critical,LEAD-ANALYST-4,2026-09-09 19:58:45,12.89,Resolved - Remediated,Detailed forensic packet capture analyzed. Firewall block rule updated and hash banned on all endpoints.,ALT-1794
CAS-793,ENT-007,National Highway Authority,Incident Investigation: SWIFT Transaction Queue Tamper Event,Critical,LEAD-ANALYST-1,2026-09-03 15:45:29,9.28,Resolved - Remediated,Detailed forensic packet capture analyzed. Firewall block rule updated and hash banned on all endpoints.,ALT-1795
CAS-794,ENT-007,National Highway Authority,Incident Investigation: Excessive DNS Queries for DGA Domains,Medium,LEAD-ANALYST-3,2026-09-05 20:10:45,12.58,Resolved - Remediated,Detailed forensic packet capture analyzed. Firewall block rule updated and hash banned on all endpoints.,ALT-1797
CAS-795,ENT-007,National Highway Authority,Incident Investigation: Unusual Outbound C2 Traffic to Bulletproof Host,Critical,LEAD-ANALYST-1,2026-09-12 23:16:22,10.54,Resolved - Remediated,Detailed forensic packet capture analyzed. Firewall block rule updated and hash banned on all endpoints.,ALT-1799
CAS-796,ENT-007,National Highway Authority,Incident Investigation: PowerShell Script Executed with Encoded Command,High,LEAD-ANALYST-1,2026-09-28 16:40:59,3.54,Resolved - Remediated,Detailed forensic packet capture analyzed. Firewall block rule updated and hash banned on all endpoints.,ALT-1800
CAS-797,ENT-007,National Highway Authority,Incident Investigation: DDoS Volumetric Spike on External Gateway,High,LEAD-ANALYST-5,2026-09-05 09:05:26,5.75,Resolved - Remediated,Detailed forensic packet capture analyzed. Firewall block rule updated and hash banned on all endpoints.,ALT-1801
CAS-798,ENT-007,National Highway Authority,Incident Investigation: Air Traffic Primary Radar Feed Desync,Critical,LEAD-ANALYST-6,2026-09-05 05:55:19,10.63,Resolved - Remediated,Detailed forensic packet capture analyzed. Firewall block rule updated and hash banned on all endpoints.,ALT-1804
CAS-799,ENT-007,National Highway Authority,Incident Investigation: Multiple Failed Logins Followed by Successful Admin Access,High,LEAD-ANALYST-3,2026-09-14 21:29:58,7.7,Resolved - Remediated,Detailed forensic packet capture analyzed. Firewall block rule updated and hash banned on all endpoints.,ALT-1808
CAS-800,ENT-007,National Highway Authority,Incident Investigation: DDoS Volumetric Spike on External Gateway,Critical,LEAD-ANALYST-4,2026-09-16 01:17:40,11.33,Resolved - Remediated,Detailed forensic packet capture analyzed. Firewall block rule updated and hash banned on all endpoints.,ALT-1811
CAS-801,ENT-007,National Highway Authority,Incident Investigation: Air Traffic Primary Radar Feed Desync,Critical,LEAD-ANALYST-6,2026-09-21 22:20:20,9.89,Resolved - Remediated,Detailed forensic packet capture analyzed. Firewall block rule updated and hash banned on all endpoints.,ALT-1812
CAS-802,ENT-007,National Highway Authority,Incident Investigation: SCADA Telemetry Protocol Disruption,Critical,LEAD-ANALYST-4,2026-09-26 02:31:06,4.12,Resolved - Remediated,Detailed forensic packet capture analyzed. Firewall block rule updated and hash banned on all endpoints.,ALT-1815
CAS-803,ENT-007,National Highway Authority,Incident Investigation: PowerShell Script Executed with Encoded Command,High,LEAD-ANALYST-4,2026-09-29 03:29:24,11.02,Resolved - Remediated,Detailed forensic packet capture analyzed. Firewall block rule updated and hash banned on all endpoints.,ALT-1816
CAS-804,ENT-007,National Highway Authority,Incident Investigation: Unusual Outbound C2 Traffic to Bulletproof Host,Critical,LEAD-ANALYST-5,2026-09-28 22:24:48,6.79,Resolved - Remediated,Detailed forensic packet capture analyzed. Firewall block rule updated and hash banned on all endpoints.,ALT-1817
CAS-805,ENT-007,National Highway Authority,Incident Investigation: Unauthorized Registry Modification on SCADA HMI,High,LEAD-ANALYST-2,2026-09-20 12:35:59,12.48,Resolved - Remediated,Detailed forensic packet capture analyzed. Firewall block rule updated and hash banned on all endpoints.,ALT-1819
CAS-806,ENT-007,National Highway Authority,Incident Investigation: Air Traffic Primary Radar Feed Desync,Critical,LEAD-ANALYST-4,2026-09-04 09:04:49,6.5,Resolved - Remediated,Detailed forensic packet capture analyzed. Firewall block rule updated and hash banned on all endpoints.,ALT-1820
CAS-807,ENT-007,National Highway Authority,Incident Investigation: SWIFT Transaction Queue Tamper Event,Critical,LEAD-ANALYST-4,2026-09-15 03:48:50,11.83,Resolved - Remediated,Detailed forensic packet capture analyzed. Firewall block rule updated and hash banned on all endpoints.,ALT-1823
CAS-808,ENT-007,National Highway Authority,Incident Investigation: Unusual Outbound C2 Traffic to Bulletproof Host,Critical,LEAD-ANALYST-2,2026-09-06 04:42:46,10.4,Resolved - Remediated,Detailed forensic packet capture analyzed. Firewall block rule updated and hash banned on all endpoints.,ALT-1829
CAS-809,ENT-007,National Highway Authority,Incident Investigation: DDoS Volumetric Spike on External Gateway,High,LEAD-ANALYST-1,2026-09-04 19:09:39,6.29,Resolved - Remediated,Detailed forensic packet capture analyzed. Firewall block rule updated and hash banned on all endpoints.,ALT-1830
CAS-810,ENT-007,National Highway Authority,Incident Investigation: PowerShell Script Executed with Encoded Command,High,LEAD-ANALYST-5,2026-09-15 12:29:40,10.49,Resolved - Remediated,Detailed forensic packet capture analyzed. Firewall block rule updated and hash banned on all endpoints.,ALT-1837
CAS-811,ENT-007,National Highway Authority,Incident Investigation: Unusual Outbound C2 Traffic to Bulletproof Host,Critical,LEAD-ANALYST-2,2026-09-19 09:53:36,7.53,Resolved - Remediated,Detailed forensic packet capture analyzed. Firewall block rule updated and hash banned on all endpoints.,ALT-1838
CAS-812,ENT-007,National Highway Authority,Incident Investigation: Unusual Outbound C2 Traffic to Bulletproof Host,Critical,LEAD-ANALYST-2,2026-09-18 19:17:20,9.56,Resolved - Remediated,Detailed forensic packet capture analyzed. Firewall block rule updated and hash banned on all endpoints.,ALT-1839
